Date,Time,HomeTeam,AwayTeam,HomeConference,AwayConference,CrossConference,HomeSurface,AwayTravelMiles,IsLongHaul,Venue,ESPN_ID,best_home_odds,best_draw_odds,best_away_odds,draftkings_home_odds,draftkings_draw_odds,draftkings_away_odds,best_home_book,best_draw_book,best_away_book
2026-10-07,08:30 PM,Chicago Fire,Vancouver Whitecaps,Eastern,Western,Yes,Grass,1773.3,Yes,Soldier Field,761660,,,,,,,,,
2026-10-10,01:00 PM,Toronto FC,CF Montréal,Eastern,Eastern,No,Grass,317.8,No,BMO Field,761845,,,,,,,,,
2026-10-10,02:30 PM,Chicago Fire,New York City FC,Eastern,Eastern,No,Grass,713.0,No,Soldier Field,761846,,,,,,,,,
2026-10-10,07:30 PM,Atlanta United,FC Cincinnati,Eastern,Eastern,No,Turf,370.1,No,Mercedes-Benz Stadium,761850,,,,,,,,,
2026-10-10,07:30 PM,Charlotte FC,FC Dallas,Eastern,Western,Yes,Turf,936.4,No,Bank of America Stadium,761852,,,,,,,,,
2026-10-10,07:30 PM,Inter Miami CF,D.C. United,Eastern,Eastern,No,Grass,911.5,No,Nu Stadium,761847,,,,,,,,,
2026-10-10,07:30 PM,New England Revolution,Seattle Sounders,Eastern,Western,Yes,Turf,2484.6,Yes,Gillette Stadium,761851,,,,,,,,,
2026-10-10,07:30 PM,Orlando City,Columbus Crew,Eastern,Eastern,No,Grass,795.0,No,Inter&Co Stadium,761848,,,,,,,,,
2026-10-10,07:30 PM,Philadelphia Union,Real Salt Lake,Eastern,Western,Yes,Grass,1913.5,Yes,Subaru Park,761849,,,,,,,,,
2026-10-10,07:30 PM,Red Bull New York,San Diego FC,Unknown,Western,No,Grass,0.0,No,Sports Illustrated Stadium,761853,,,,,,,,,
2026-10-11,08:30 PM,Austin FC,Nashville SC,Western,Eastern,Yes,Grass,745.9,No,Q2 Stadium,761856,,,,,,,,,
2026-10-11,08:30 PM,Minnesota United,Houston Dynamo,Western,Western,No,Grass,1057.0,No,Allianz Field,761854,,,,,,,,,
2026-10-11,08:30 PM,Sporting Kansas City,Portland Timbers,Western,Western,No,Grass,1482.2,No,Sporting Park,761855,,,,,,,,,
2026-10-11,09:30 PM,Colorado Rapids,San Jose Earthquakes,Western,Western,No,Grass,934.1,No,Dick's Sporting Goods Park,761857,,,,,,,,,
2026-10-11,10:30 PM,LAFC,Vancouver Whitecaps,Western,Western,No,Grass,1083.1,No,BMO Stadium,761858,,,,,,,,,
2026-10-11,07:00 PM,St. Louis City SC,LA Galaxy,Western,Western,No,Grass,1591.8,Yes,Energizer Park,761859,,,,,,,,,
2026-10-14,07:30 PM,CF Montréal,Atlanta United,Eastern,Eastern,No,Grass,997.2,No,Stade Saputo,761864,,,,,,,,,
2026-10-14,07:30 PM,Columbus Crew,Charlotte FC,Eastern,Eastern,No,Grass,348.4,No,ScottsMiracle-Gro Field,761865,,,,,,,,,
2026-10-14,07:30 PM,D.C. United,Red Bull New York,Eastern,Unknown,Yes,Grass,0.0,No,Audi Field,761863,,,,,,,,,
2026-10-14,07:30 PM,FC Cincinnati,New England Revolution,Eastern,Eastern,No,Grass,724.7,No,TQL Stadium,761862,,,,,,,,,
2026-10-14,07:30 PM,Inter Miami CF,New York City FC,Eastern,Eastern,No,Grass,1089.2,No,Nu Stadium,761861,,,,,,,,,
2026-10-14,07:30 PM,Toronto FC,Orlando City,Eastern,Eastern,No,Grass,1048.5,No,BMO Field,761860,,,,,,,,,
2026-10-15,08:30 PM,Chicago Fire,Philadelphia Union,Eastern,Eastern,No,Grass,654.2,No,Soldier Field,761869,,,,,,,,,
2026-10-15,08:30 PM,FC Dallas,Seattle Sounders,Western,Western,No,Grass,1650.0,Yes,Toyota Stadium,761867,,,,,,,,,
2026-10-15,08:30 PM,Nashville SC,Sporting Kansas City,Eastern,Western,Yes,Grass,486.4,No,GEODIS Park,761866,,,,,,,,,
2026-10-15,08:30 PM,St. Louis City SC,Vancouver Whitecaps,Western,Western,No,Grass,1776.8,Yes,Energizer Park,761868,,,,,,,,,
2026-10-15,09:30 PM,Colorado Rapids,Minnesota United,Western,Western,No,Grass,695.1,No,Dick's Sporting Goods Park,761871,,,,,,,,,
2026-10-15,09:30 PM,Real Salt Lake,San Jose Earthquakes,Western,Western,No,Grass,582.9,No,America First Field,761870,,,,,,,,,
2026-10-15,10:30 PM,LA Galaxy,Portland Timbers,Western,Western,No,Grass,838.8,No,Dignity Health Sports Park,761874,,,,,,,,,
2026-10-15,10:30 PM,LAFC,Austin FC,Western,Western,No,Grass,1226.0,No,BMO Stadium,761873,,,,,,,,,
2026-10-15,10:30 PM,San Diego FC,Houston Dynamo,Western,Western,No,Grass,1300.3,No,Snapdragon Stadium,761872,,,,,,,,,
2026-10-17,02:30 PM,Philadelphia Union,Charlotte FC,Eastern,Eastern,No,Grass,437.1,No,Subaru Park,761875,,,,,,,,,
2026-10-17,04:30 PM,Minnesota United,St. Louis City SC,Western,Western,No,Grass,462.7,No,Allianz Field,761876,,,,,,,,,
2026-10-17,07:30 PM,Atlanta United,Inter Miami CF,Eastern,Eastern,No,Turf,593.5,No,Mercedes-Benz Stadium,761880,,,,,,,,,
2026-10-17,07:30 PM,New England Revolution,Chicago Fire,Eastern,Eastern,No,Turf,838.8,No,Gillette Stadium,761879,,,,,,,,,
2026-10-17,07:30 PM,New York City FC,LAFC,Eastern,Western,Yes,Grass,2452.5,Yes,Citi Field,761877,,,,,,,,,
2026-10-17,07:30 PM,Orlando City,D.C. United,Eastern,Eastern,No,Grass,756.3,No,Inter&Co Stadium,761881,,,,,,,,,
2026-10-17,07:30 PM,Red Bull New York,Toronto FC,Unknown,Eastern,No,Grass,0.0,No,Sports Illustrated Stadium,761878,,,,,,,,,
2026-10-18,08:30 PM,Austin FC,Vancouver Whitecaps,Western,Western,No,Grass,1858.9,Yes,Q2 Stadium,761882,,,,,,,,,
2026-10-18,08:30 PM,Houston Dynamo,FC Dallas,Western,Western,No,Grass,255.8,No,Shell Energy Stadium,761883,,,,,,,,,
2026-10-18,08:30 PM,Sporting Kansas City,Real Salt Lake,Western,Western,No,Grass,909.6,No,Sporting Park,761884,,,,,,,,,
2026-10-18,10:30 PM,LA Galaxy,San Diego FC,Western,Western,No,Grass,99.5,No,Dignity Health Sports Park,761887,,,,,,,,,
2026-10-18,10:30 PM,Portland Timbers,Colorado Rapids,Western,Western,No,Turf,984.1,No,Providence Park,761888,,,,,,,,,
2026-10-18,10:30 PM,San Jose Earthquakes,Nashville SC,Western,Eastern,Yes,Grass,1937.0,Yes,PayPal Park,761886,,,,,,,,,
2026-10-18,10:30 PM,Seattle Sounders,CF Montréal,Western,Eastern,Yes,Turf,2282.5,Yes,Lumen Field,761885,,,,,,,,,
2026-10-18,05:00 PM,FC Cincinnati,Columbus Crew,Eastern,Eastern,No,Grass,99.8,No,TQL Stadium,761889,,,,,,,,,
2026-10-21,07:00 PM,FC Cincinnati,D.C. United,Eastern,Eastern,No,Grass,403.8,No,TQL Stadium,761773,,,,,,,,,
2026-10-24,01:30 PM,CF Montréal,Nashville SC,Eastern,Eastern,No,Grass,947.5,No,Stade Saputo,761903,,,,,,,,,
2026-10-24,03:30 PM,Columbus Crew,Toronto FC,Eastern,Eastern,No,Grass,313.7,No,ScottsMiracle-Gro Field,761890,,,,,,,,,
2026-10-24,05:30 PM,Red Bull New York,Inter Miami CF,Unknown,Eastern,No,Grass,0.0,No,Sports Illustrated Stadium,761891,,,,,,,,,
2026-10-24,07:30 PM,Atlanta United,Chicago Fire,Eastern,Eastern,No,Turf,586.9,No,Mercedes-Benz Stadium,761893,,,,,,,,,
2026-10-24,07:30 PM,D.C. United,FC Cincinnati,Eastern,Eastern,No,Grass,403.8,No,Audi Field,761895,,,,,,,,,
2026-10-24,07:30 PM,Orlando City,New York City FC,Eastern,Eastern,No,Grass,948.0,No,Inter&Co Stadium,761892,,,,,,,,,
2026-10-24,07:30 PM,Philadelphia Union,New England Revolution,Eastern,Eastern,No,Grass,265.4,No,Subaru Park,761894,,,,,,,,,
2026-10-25,08:30 PM,Colorado Rapids,Vancouver Whitecaps,Western,Western,No,Grass,1105.8,No,Dick's Sporting Goods Park,761897,,,,,,,,,
2026-10-25,08:30 PM,FC Dallas,San Jose Earthquakes,Western,Western,No,Grass,1428.0,No,Toyota Stadium,761900,,,,,,,,,
2026-10-25,08:30 PM,Houston Dynamo,Minnesota United,Western,Western,No,Grass,1057.0,No,Shell Energy Stadium,761896,,,,,,,,,
2026-10-25,08:30 PM,Real Salt Lake,St. Louis City SC,Western,Western,No,Grass,1160.0,No,America First Field,761898,,,,,,,,,
2026-10-25,08:30 PM,Sporting Kansas City,Austin FC,Western,Western,No,Grass,625.3,No,Sporting Park,761899,,,,,,,,,
2026-10-25,10:30 PM,Portland Timbers,Charlotte FC,Western,Eastern,Yes,Turf,2285.2,Yes,Providence Park,761902,,,,,,,,,
2026-10-25,10:30 PM,San Diego FC,Seattle Sounders,Western,Western,No,Grass,1059.0,No,Snapdragon Stadium,761901,,,,,,,,,
2026-10-26,09:00 PM,LAFC,LA Galaxy,Western,Western,No,Grass,10.4,No,BMO Stadium,761904,,,,,,,,,
2026-10-28,07:30 PM,Charlotte FC,CF Montréal,Eastern,Eastern,No,Turf,810.1,No,Bank of America Stadium,761907,,,,,,,,,
2026-10-28,07:30 PM,Inter Miami CF,FC Cincinnati,Eastern,Eastern,No,Grass,942.2,No,Nu Stadium,761908,,,,,,,,,
2026-10-28,07:30 PM,New England Revolution,Red Bull New York,Eastern,Unknown,Yes,Turf,0.0,No,Gillette Stadium,761909,,,,,,,,,
2026-10-28,07:30 PM,New York City FC,Atlanta United,Eastern,Eastern,No,Grass,754.2,No,Yankee Stadium,761905,,,,,,,,,
2026-10-28,07:30 PM,Toronto FC,D.C. United,Eastern,Eastern,No,Grass,352.1,No,BMO Field,761906,,,,,,,,,
2026-10-29,08:30 PM,Austin FC,Real Salt Lake,Western,Western,No,Grass,1061.5,No,Q2 Stadium,761910,,,,,,,,,
2026-10-29,08:30 PM,Chicago Fire,Orlando City,Eastern,Eastern,No,Grass,984.6,No,Soldier Field,761911,,,,,,,,,
2026-10-29,08:30 PM,FC Dallas,Columbus Crew,Western,Eastern,Yes,Grass,909.0,No,Toyota Stadium,761912,,,,,,,,,
2026-10-29,08:30 PM,Minnesota United,Sporting Kansas City,Western,Western,No,Grass,411.8,No,Allianz Field,761913,,,,,,,,,
2026-10-29,08:30 PM,Nashville SC,Philadelphia Union,Eastern,Eastern,No,Grass,670.4,No,GEODIS Park,761914,,,,,,,,,
2026-10-29,08:30 PM,St. Louis City SC,Portland Timbers,Western,Western,No,Grass,1720.2,Yes,Energizer Park,761915,,,,,,,,,
2026-10-29,10:30 PM,San Jose Earthquakes,Colorado Rapids,Western,Western,No,Grass,934.1,No,PayPal Park,761917,,,,,,,,,
2026-10-29,10:30 PM,Seattle Sounders,Houston Dynamo,Western,Western,No,Turf,1890.0,Yes,Lumen Field,761916,,,,,,,,,
2026-10-29,10:30 PM,Vancouver Whitecaps,San Diego FC,Western,Western,No,Turf,1180.6,No,BC Place,761918,,,,,,,,,
2026-10-31,01:00 PM,Charlotte FC,Orlando City,Eastern,Eastern,No,Turf,462.9,No,Bank of America Stadium,761922,,,,,,,,,
2026-10-31,02:00 PM,Columbus Crew,D.C. United,Eastern,Eastern,No,Grass,329.4,No,ScottsMiracle-Gro Field,761924,,,,,,,,,
2026-10-31,02:00 PM,FC Cincinnati,Philadelphia Union,Eastern,Eastern,No,Grass,490.1,No,TQL Stadium,761919,,,,,,,,,
2026-10-31,02:00 PM,New York City FC,CF Montréal,Eastern,Eastern,No,Grass,327.7,No,Citi Field,761930,,,,,,,,,
2026-10-31,03:00 PM,Sporting Kansas City,FC Dallas,Western,Western,No,Grass,430.7,No,Sporting Park,761928,,,,,,,,,
2026-10-31,03:00 PM,St. Louis City SC,San Diego FC,Western,Western,No,Grass,1557.7,Yes,Energizer Park,761926,,,,,,,,,
2026-10-31,05:00 PM,LA Galaxy,Austin FC,Western,Western,No,Grass,1223.6,No,Dignity Health Sports Park,761925,,,,,,,,,
2026-10-31,05:00 PM,San Jose Earthquakes,Real Salt Lake,Western,Western,No,Grass,582.9,No,PayPal Park,761929,,,,,,,,,
2026-11-01,09:30 PM,Colorado Rapids,Chicago Fire,Western,Eastern,Yes,Grass,912.6,No,Dick's Sporting Goods Park,761923,,,,,,,,,
2026-11-01,05:30 PM,Atlanta United,Toronto FC,Eastern,Eastern,No,Turf,733.1,No,Mercedes-Benz Stadium,761931,,,,,,,,,
2026-11-01,05:30 PM,Nashville SC,Red Bull New York,Eastern,Unknown,Yes,Grass,0.0,No,GEODIS Park,761920,,,,,,,,,
2026-11-01,05:30 PM,Vancouver Whitecaps,Seattle Sounders,Western,Western,No,Turf,121.6,No,BC Place,761927,,,,,,,,,
2026-11-02,08:00 PM,New England Revolution,Inter Miami CF,Eastern,Eastern,No,Turf,1225.7,No,Gillette Stadium,761932,,,,,,,,,
2026-11-02,09:30 PM,LAFC,Minnesota United,Western,Western,No,Grass,1528.8,Yes,BMO Stadium,761921,,,,,,,,,
2026-11-02,10:30 PM,Portland Timbers,Houston Dynamo,Western,Western,No,Turf,1835.6,Yes,Providence Park,761933,,,,,,,,,
2026-11-07,05:00 PM,CF Montréal,Vancouver Whitecaps,Eastern,Western,Yes,Grass,2289.3,Yes,Stade Saputo,761934,,,,,,,,,
2026-11-07,05:00 PM,Chicago Fire,Columbus Crew,Eastern,Eastern,No,Grass,273.4,No,SeatGeek Stadium,761935,,,,,,,,,
2026-11-07,05:00 PM,D.C. United,New York City FC,Eastern,Eastern,No,Grass,212.4,No,Audi Field,761936,,,,,,,,,
2026-11-07,05:00 PM,FC Cincinnati,Nashville SC,Eastern,Eastern,No,Grass,239.8,No,TQL Stadium,761937,,,,,,,,,
2026-11-07,05:00 PM,Inter Miami CF,Charlotte FC,Eastern,Eastern,No,Grass,641.4,No,Nu Stadium,761938,,,,,,,,,
2026-11-07,05:00 PM,Orlando City,New England Revolution,Eastern,Eastern,No,Grass,1094.7,No,Inter&Co Stadium,761940,,,,,,,,,
2026-11-07,05:00 PM,Philadelphia Union,Toronto FC,Eastern,Eastern,No,Grass,335.1,No,Subaru Park,761941,,,,,,,,,
2026-11-07,05:00 PM,Red Bull New York,Atlanta United,Unknown,Eastern,No,Grass,0.0,No,Sports Illustrated Stadium,761939,,,,,,,,,
2026-11-08,08:00 PM,Austin FC,Portland Timbers,Western,Western,No,Grass,1703.8,Yes,Q2 Stadium,761942,,,,,,,,,
2026-11-08,08:00 PM,FC Dallas,Colorado Rapids,Western,Western,No,Grass,632.2,No,Toyota Stadium,761943,,,,,,,,,
2026-11-08,08:00 PM,Houston Dynamo,St. Louis City SC,Western,Western,No,Grass,680.4,No,Shell Energy Stadium,761944,,,,,,,,,
2026-11-08,08:00 PM,Minnesota United,San Jose Earthquakes,Western,Western,No,Grass,1575.8,Yes,Allianz Field,761945,,,,,,,,,
2026-11-08,08:00 PM,Real Salt Lake,LA Galaxy,Western,Western,No,Grass,581.2,No,America First Field,761946,,,,,,,,,
2026-11-08,08:00 PM,San Diego FC,Sporting Kansas City,Western,Western,No,Grass,1317.7,No,Snapdragon Stadium,761947,,,,,,,,,
2026-11-08,08:00 PM,Seattle Sounders,LAFC,Western,Western,No,Turf,961.7,No,Lumen Field,761948,,,,,,,,,
