team_id,count_games,shots_for,shots_against,goals_for,goals_against,goal_difference,xgoals_for,xgoals_against,xgoal_difference,goal_difference_minus_xgoal_difference,points,xpoints,team_name
0KPqjA456v,25,334,312,43,35,8,48.7885,41.1827,7.6059,0.3941,41,37.582,San Jose Earthquakes
19vQ2095K6,25,305,331,41,29,12,40.0527,38.9429,1.1098,10.8902,43,34.308,New England Revolution
9z5k7Yg5A3,25,414,223,44,38,6,50.0921,37.2372,12.8549,-6.8549,33,41.46,Philadelphia Union
APk5LGOMOW,25,331,327,31,49,-18,39.1278,44.0385,-4.9107,-13.0893,21,33.295,CF Montréal
EKXMeX3Q64,24,290,349,29,37,-8,36.0879,41.6514,-5.5635,-2.4365,29,29.622,D.C. United
KAqBN0Vqbg,25,327,302,27,43,-16,38.2372,42.4107,-4.1735,-11.8265,23,32.516,Atlanta United
NPqxKXZ59d,25,288,394,45,35,10,42.1549,39.29,2.8648,7.1352,40,36.198,Charlotte FC
NWMWlBK5lz,24,335,384,51,56,-5,43.3963,47.8616,-4.4653,-0.5347,32,31.489,FC Cincinnati
Vj58weDM8n,25,287,308,39,33,6,37.2987,39.1186,-1.8199,7.8199,32,33.965,New York City FC
WBLMvYAQxe,25,329,403,45,47,-2,39.3604,47.867,-8.5066,6.5066,32,31.415,Portland Timbers
X0Oq66zq6D,24,338,298,43,34,9,46.3258,34.8371,11.4887,-2.4887,39,39.371,Chicago Fire
YgOMngl5wN,25,328,288,32,25,7,29.2093,31.4398,-2.2305,9.2305,43,33.412,Houston Dynamo
Z2vQ1xlqrA,24,252,383,26,58,-32,28.0405,52.5868,-24.5463,-7.4537,18,20.448,Sporting Kansas City
a2lqR4JMr0,24,340,315,34,38,-4,36.9519,41.1328,-4.1809,0.1809,29,30.016,Real Salt Lake
a2lqRX2Mr0,25,331,342,31,48,-17,43.5774,50.5248,-6.9474,-10.0526,30,30.722,New York Red Bulls
eVq3ya6MWO,26,383,336,38,25,13,44.8846,38.7666,6.118,6.882,40,40.313,LAFC
gpMOLwl5zy,25,266,415,31,42,-11,28.9155,50.3305,-21.415,10.415,29,23.451,Austin FC
jYQJ19EqGR,23,308,322,25,30,-5,36.5955,39.0933,-2.4978,-2.5022,28,29.673,Seattle Sounders
jYQJ8EW5GR,25,307,413,44,53,-9,42.032,50.6552,-8.6232,-0.3768,34,30.553,Orlando City
kRQabn8MKZ,25,304,314,35,43,-8,34.2147,37.7328,-3.5181,-4.4819,29,31.854,Toronto FC
kRQand1MKZ,25,334,299,37,42,-5,45.797,41.0449,4.7521,-9.7521,29,38.763,Minnesota United
kaDQ0wRqEv,26,333,368,31,39,-8,42.8929,47.7619,-4.8691,-3.1309,30,32.619,LA Galaxy
lgpMOvnQzy,24,416,195,52,23,29,57.4819,25.102,32.38,-3.38,46,50.663,Vancouver Whitecaps
mKAqBBmqbg,25,302,307,48,41,7,43.2828,36.4551,6.8277,0.1723,43,39.569,FC Dallas
mvzqoLZQap,25,294,271,32,42,-10,32.6035,33.0591,-0.4556,-9.5444,23,33.344,Columbus Crew
pzeQZ6xQKw,25,302,282,31,31,0,38.6291,31.4833,7.1458,-7.1458,35,36.702,Colorado Rapids
vzqoOgNqap,25,303,277,49,20,29,37.6438,37.0303,0.6135,28.3865,54,35.002,Nashville SC
wvq9B9wQWn,25,340,294,41,35,6,42.4786,34.2805,8.1981,-2.1981,41,39.71,St. Louis City SC
zeQZBOzQKw,25,297,334,42,41,1,40.3678,45.5614,-5.1936,6.1936,30,34.196,San Diego FC
zeQZkL1MKw,25,388,320,59,44,15,56.2007,44.2429,11.9578,3.0422,45,41.819,Inter Miami CF
