team,team_goals_added_cumulative,event_date,available_at,team_goals_added
Atlanta United,-4.22075,2026-09-07T11:07:12.893461+00:00,2026-09-07T11:07:12.893461+00:00,-4.22075
Austin FC,-8.90765,2026-09-07T11:07:12.893461+00:00,2026-09-07T11:07:12.893461+00:00,-8.90765
CF Montréal,-1.2068500000000002,2026-09-07T11:07:12.893461+00:00,2026-09-07T11:07:12.893461+00:00,-1.2068500000000002
Charlotte FC,-0.2784999999999996,2026-09-07T11:07:12.893461+00:00,2026-09-07T11:07:12.893461+00:00,-0.2784999999999996
Chicago Fire,0.1477499999999991,2026-09-07T11:07:12.893461+00:00,2026-09-07T11:07:12.893461+00:00,0.1477499999999991
Colorado Rapids,-7.249899999999999,2026-09-07T11:07:12.893461+00:00,2026-09-07T11:07:12.893461+00:00,-7.249899999999999
Columbus Crew,-9.17065,2026-09-07T11:07:12.893461+00:00,2026-09-07T11:07:12.893461+00:00,-9.17065
D.C. United,-6.9554,2026-09-07T11:07:12.893461+00:00,2026-09-07T11:07:12.893461+00:00,-6.9554
FC Cincinnati,2.6527000000000003,2026-09-07T11:07:12.893461+00:00,2026-09-07T11:07:12.893461+00:00,2.6527000000000003
FC Dallas,-1.6084000000000005,2026-09-07T11:07:12.893461+00:00,2026-09-07T11:07:12.893461+00:00,-1.6084000000000005
Houston Dynamo,-7.25885,2026-09-07T11:07:12.893461+00:00,2026-09-07T11:07:12.893461+00:00,-7.25885
Inter Miami CF,12.2062,2026-09-07T11:07:12.893461+00:00,2026-09-07T11:07:12.893461+00:00,12.2062
LA Galaxy,-2.05405,2026-09-07T11:07:12.893461+00:00,2026-09-07T11:07:12.893461+00:00,-2.05405
LAFC,5.037700000000001,2026-09-07T11:07:12.893461+00:00,2026-09-07T11:07:12.893461+00:00,5.037700000000001
Minnesota United,3.1740500000000003,2026-09-07T11:07:12.893461+00:00,2026-09-07T11:07:12.893461+00:00,3.1740500000000003
Nashville SC,-6.8912,2026-09-07T11:07:12.893461+00:00,2026-09-07T11:07:12.893461+00:00,-6.8912
New England Revolution,-0.5795,2026-09-07T11:07:12.893461+00:00,2026-09-07T11:07:12.893461+00:00,-0.5795
New York City FC,-5.6261,2026-09-07T11:07:12.893461+00:00,2026-09-07T11:07:12.893461+00:00,-5.6261
New York Red Bulls,3.7877,2026-09-07T11:07:12.893461+00:00,2026-09-07T11:07:12.893461+00:00,3.7877
Orlando City,1.1252499999999996,2026-09-07T11:07:12.893461+00:00,2026-09-07T11:07:12.893461+00:00,1.1252499999999996
Philadelphia Union,1.3496999999999997,2026-09-07T11:07:12.893461+00:00,2026-09-07T11:07:12.893461+00:00,1.3496999999999997
Portland Timbers,-0.9929499999999998,2026-09-07T11:07:12.893461+00:00,2026-09-07T11:07:12.893461+00:00,-0.9929499999999998
Real Salt Lake,-0.8059500000000006,2026-09-07T11:07:12.893461+00:00,2026-09-07T11:07:12.893461+00:00,-0.8059500000000006
San Diego FC,1.1644500000000009,2026-09-07T11:07:12.893461+00:00,2026-09-07T11:07:12.893461+00:00,1.1644500000000009
San Jose Earthquakes,1.9154000000000009,2026-09-07T11:07:12.893461+00:00,2026-09-07T11:07:12.893461+00:00,1.9154000000000009
Seattle Sounders,-1.065000000000001,2026-09-07T11:07:12.893461+00:00,2026-09-07T11:07:12.893461+00:00,-1.065000000000001
Sporting Kansas City,-7.952649999999999,2026-09-07T11:07:12.893461+00:00,2026-09-07T11:07:12.893461+00:00,-7.952649999999999
St. Louis City SC,-0.7902000000000005,2026-09-07T11:07:12.893461+00:00,2026-09-07T11:07:12.893461+00:00,-0.7902000000000005
Toronto FC,-5.151800000000001,2026-09-07T11:07:12.893461+00:00,2026-09-07T11:07:12.893461+00:00,-5.151800000000001
Vancouver Whitecaps,7.95375,2026-09-07T11:07:12.893461+00:00,2026-09-07T11:07:12.893461+00:00,7.95375
Atlanta United,-4.580208298700001,2026-09-14T11:07:25.280734+00:00,2026-09-14T11:07:25.280734+00:00,-0.3594582987000008
Austin FC,-10.9357,2026-09-14T11:07:25.280734+00:00,2026-09-14T11:07:25.280734+00:00,-2.0280500000000004
CF Montréal,-1.832600000000001,2026-09-14T11:07:25.280734+00:00,2026-09-14T11:07:25.280734+00:00,-0.6257500000000005
Charlotte FC,0.9712000000000002,2026-09-14T11:07:25.280734+00:00,2026-09-14T11:07:25.280734+00:00,1.2496999999999998
Chicago Fire,0.606449999999999,2026-09-14T11:07:25.280734+00:00,2026-09-14T11:07:25.280734+00:00,0.4586999999999999
Colorado Rapids,-7.43955,2026-09-14T11:07:25.280734+00:00,2026-09-14T11:07:25.280734+00:00,-0.1896500000000003
Columbus Crew,-8.48035,2026-09-14T11:07:25.280734+00:00,2026-09-14T11:07:25.280734+00:00,0.6903000000000006
D.C. United,-6.8044,2026-09-14T11:07:25.280734+00:00,2026-09-14T11:07:25.280734+00:00,0.1509999999999998
FC Cincinnati,1.3638000000000003,2026-09-14T11:07:25.280734+00:00,2026-09-14T11:07:25.280734+00:00,-1.2889
FC Dallas,-2.071499999999999,2026-09-14T11:07:25.280734+00:00,2026-09-14T11:07:25.280734+00:00,-0.4630999999999985
Houston Dynamo,-8.0095,2026-09-14T11:07:25.280734+00:00,2026-09-14T11:07:25.280734+00:00,-0.7506499999999994
Inter Miami CF,12.56655,2026-09-14T11:07:25.280734+00:00,2026-09-14T11:07:25.280734+00:00,0.3603499999999986
LA Galaxy,-2.800699999999999,2026-09-14T11:07:25.280734+00:00,2026-09-14T11:07:25.280734+00:00,-0.7466499999999989
LAFC,7.0696,2026-09-14T11:07:25.280734+00:00,2026-09-14T11:07:25.280734+00:00,2.0319
Minnesota United,1.6811499999999997,2026-09-14T11:07:25.280734+00:00,2026-09-14T11:07:25.280734+00:00,-1.4929000000000006
Nashville SC,-6.5815,2026-09-14T11:07:25.280734+00:00,2026-09-14T11:07:25.280734+00:00,0.3097000000000003
New England Revolution,-0.6598500000000002,2026-09-14T11:07:25.280734+00:00,2026-09-14T11:07:25.280734+00:00,-0.0803500000000001
New York City FC,-6.8885,2026-09-14T11:07:25.280734+00:00,2026-09-14T11:07:25.280734+00:00,-1.2623999999999995
New York Red Bulls,4.0766,2026-09-14T11:07:25.280734+00:00,2026-09-14T11:07:25.280734+00:00,0.2888999999999999
Orlando City,1.7839000000000005,2026-09-14T11:07:25.280734+00:00,2026-09-14T11:07:25.280734+00:00,0.6586500000000006
Philadelphia Union,3.0422,2026-09-14T11:07:25.280734+00:00,2026-09-14T11:07:25.280734+00:00,1.6924999999999997
Portland Timbers,-1.97145,2026-09-14T11:07:25.280734+00:00,2026-09-14T11:07:25.280734+00:00,-0.9785
Real Salt Lake,-1.21745,2026-09-14T11:07:25.280734+00:00,2026-09-14T11:07:25.280734+00:00,-0.4114999999999993
San Diego FC,1.0545500000000012,2026-09-14T11:07:25.280734+00:00,2026-09-14T11:07:25.280734+00:00,-0.1098999999999996
San Jose Earthquakes,-0.2865500000000002,2026-09-14T11:07:25.280734+00:00,2026-09-14T11:07:25.280734+00:00,-2.201950000000001
Seattle Sounders,0.1533500000000007,2026-09-14T11:07:25.280734+00:00,2026-09-14T11:07:25.280734+00:00,1.2183500000000018
Sporting Kansas City,-7.07345,2026-09-14T11:07:25.280734+00:00,2026-09-14T11:07:25.280734+00:00,0.8791999999999991
St. Louis City SC,-1.3523000000000005,2026-09-14T11:07:25.280734+00:00,2026-09-14T11:07:25.280734+00:00,-0.5621
Toronto FC,-3.24135,2026-09-14T11:07:25.280734+00:00,2026-09-14T11:07:25.280734+00:00,1.9104500000000004
Vancouver Whitecaps,9.97545,2026-09-14T11:07:25.280734+00:00,2026-09-14T11:07:25.280734+00:00,2.0217
Atlanta United,-4.51815,2026-09-21T11:07:13.217418+00:00,2026-09-21T11:07:13.217418+00:00,0.062058298700000236
Austin FC,-11.2592,2026-09-21T11:07:13.217418+00:00,2026-09-21T11:07:13.217418+00:00,-0.32349999999999923
CF Montréal,-2.8099500000000006,2026-09-21T11:07:13.217418+00:00,2026-09-21T11:07:13.217418+00:00,-0.9773499999999997
Charlotte FC,0.4443000000000005,2026-09-21T11:07:13.217418+00:00,2026-09-21T11:07:13.217418+00:00,-0.5268999999999997
Chicago Fire,0.5093000000000001,2026-09-21T11:07:13.217418+00:00,2026-09-21T11:07:13.217418+00:00,-0.09714999999999896
Colorado Rapids,-7.127149999999999,2026-09-21T11:07:13.217418+00:00,2026-09-21T11:07:13.217418+00:00,0.31240000000000023
Columbus Crew,-8.94695,2026-09-21T11:07:13.217418+00:00,2026-09-21T11:07:13.217418+00:00,-0.4665999999999997
D.C. United,-3.9610000000000003,2026-09-21T11:07:13.217418+00:00,2026-09-21T11:07:13.217418+00:00,2.8434
FC Cincinnati,2.5940000000000003,2026-09-21T11:07:13.217418+00:00,2026-09-21T11:07:13.217418+00:00,1.2302
FC Dallas,-2.2761999999999993,2026-09-21T11:07:13.217418+00:00,2026-09-21T11:07:13.217418+00:00,-0.20470000000000033
Houston Dynamo,-8.78455,2026-09-21T11:07:13.217418+00:00,2026-09-21T11:07:13.217418+00:00,-0.7750500000000002
Inter Miami CF,13.076400000000001,2026-09-21T11:07:13.217418+00:00,2026-09-21T11:07:13.217418+00:00,0.5098500000000019
LA Galaxy,-2.8700999999999994,2026-09-21T11:07:13.217418+00:00,2026-09-21T11:07:13.217418+00:00,-0.06940000000000035
LAFC,6.892700000000001,2026-09-21T11:07:13.217418+00:00,2026-09-21T11:07:13.217418+00:00,-0.17689999999999895
Minnesota United,2.0450999999999997,2026-09-21T11:07:13.217418+00:00,2026-09-21T11:07:13.217418+00:00,0.36395
Nashville SC,-5.748,2026-09-21T11:07:13.217418+00:00,2026-09-21T11:07:13.217418+00:00,0.8334999999999999
New England Revolution,-0.3499999999999991,2026-09-21T11:07:13.217418+00:00,2026-09-21T11:07:13.217418+00:00,0.30985000000000107
New York City FC,-5.771249999999999,2026-09-21T11:07:13.217418+00:00,2026-09-21T11:07:13.217418+00:00,1.1172500000000003
New York Red Bulls,3.6039000000000003,2026-09-21T11:07:13.217418+00:00,2026-09-21T11:07:13.217418+00:00,-0.4726999999999997
Orlando City,1.3874499999999994,2026-09-21T11:07:13.217418+00:00,2026-09-21T11:07:13.217418+00:00,-0.3964500000000011
Philadelphia Union,2.0683,2026-09-21T11:07:13.217418+00:00,2026-09-21T11:07:13.217418+00:00,-0.9739
Portland Timbers,-1.2946000000000004,2026-09-21T11:07:13.217418+00:00,2026-09-21T11:07:13.217418+00:00,0.6768499999999995
Real Salt Lake,-1.2711000000000001,2026-09-21T11:07:13.217418+00:00,2026-09-21T11:07:13.217418+00:00,-0.0536500000000002
San Diego FC,1.0524499999999999,2026-09-21T11:07:13.217418+00:00,2026-09-21T11:07:13.217418+00:00,-0.002100000000001323
San Jose Earthquakes,0.12630000000000013,2026-09-21T11:07:13.217418+00:00,2026-09-21T11:07:13.217418+00:00,0.41285000000000033
Seattle Sounders,0.20529999999999865,2026-09-21T11:07:13.217418+00:00,2026-09-21T11:07:13.217418+00:00,0.05194999999999794
Sporting Kansas City,-7.4357500000000005,2026-09-21T11:07:13.217418+00:00,2026-09-21T11:07:13.217418+00:00,-0.3623000000000003
St. Louis City SC,-0.573450000000001,2026-09-21T11:07:13.217418+00:00,2026-09-21T11:07:13.217418+00:00,0.7788499999999995
Toronto FC,-3.79085,2026-09-21T11:07:13.217418+00:00,2026-09-21T11:07:13.217418+00:00,-0.5494999999999997
Vancouver Whitecaps,10.793849999999999,2026-09-21T11:07:13.217418+00:00,2026-09-21T11:07:13.217418+00:00,0.8183999999999987
